[{"model": "auth.user", "fields": {"password": "pbkdf2_sha256$870000$9RkJmCxQePLZDSKgSodejR$im1CCqKWfJHTZhQrvJruUBhOGL5DOmghg5SEglqIAVI=", "last_login": "2026-03-07T21:51:07.052Z", "is_superuser": true, "username": "DarioCordoneda", "first_name": "Dario", "last_name": "Cordoneda", "email": "LGI.repara@gmail.com", "is_staff": true, "is_active": true, "date_joined": "2026-02-23T16:33:06Z", "groups": [], "user_permissions": []}}, {"model": "auth.user", "fields": {"password": "pbkdf2_sha256$870000$IXF0VlZvJLgkrWJlBUtOyi$QStCP6sARGGDGrXBJ7LBNShCdqE8Qe1+y4PT3UEVkwA=", "last_login": "2026-03-07T21:49:39.812Z", "is_superuser": false, "username": "Gino", "first_name": "Gino", "last_name": "Cordoneda", "email": "dariocordoneda@gmail.com", "is_staff": false, "is_active": true, "date_joined": "2026-03-05T18:05:54.737Z", "groups": [], "user_permissions": []}}, {"model": "sessions.session", "pk": "04dqth7q2begrodrjv3vkhgt83kzxhhh", "fields": {"session_data": ".eJxVjEEOwiAQRe_C2pAOUAZcuvcMZGBAqoYmpV0Z765NutDtf-_9lwi0rTVsPS9hYnEWIE6_W6T0yG0HfKd2m2Wa27pMUe6KPGiX15nz83K4fweVev3WyI68KUhGj9GNxtoBckantMdBW7DJOQORPKP2UACSIlJswHBRCE68P7nMNrw:1vyzYB:PZF-5ME_WD_o8sSSAMuAZcCAJdhUCGGxdj0VJNSNQE4", "expire_date": "2026-03-21T21:51:07.075Z"}}, {"model": "sessions.session", "pk": "49dta8xpms1dgff0uyxy0q1m6lm3lio4", "fields": {"session_data": ".eJxVjEEOwiAQRe_C2pAOUAZcuvcMZGBAqoYmpV0Z765NutDtf-_9lwi0rTVsPS9hYnEWIE6_W6T0yG0HfKd2m2Wa27pMUe6KPGiX15nz83K4fweVev3WyI68KUhGj9GNxtoBckantMdBW7DJOQORPKP2UACSIlJswHBRCE68P7nMNrw:1vyYDA:I3ix46A5McvCyp82EHGrMobqS6T4yX1vQFVQDeqNiJI", "expire_date": "2026-03-20T16:39:36.362Z"}}, {"model": "sessions.session", "pk": "c3vgfm11rp0j54jznqh01efqiv7u2afi", "fields": {"session_data": ".eJxVjDsOwjAQBe_iGlmx119K-pzBWnsXHECOFCcV4u4QKQW0b2beSyTc1pq2zkuaSJyFEqffLWN5cNsB3bHdZlnmti5TlrsiD9rlOBM_L4f7d1Cx12_tlDHgORAEjGyhKBUCaD0YHnx0aDBSVh4YITugYB2StZk8majt1Yj3B7kINx0:1vuYtm:CoHrgbAZfxWIXLPsgkGvA9pOLOo4d-n3FqEid2PFUso", "expire_date": "2026-03-09T16:35:06.048Z"}}, {"model": "sessions.session", "pk": "gr7vxito8zuogdqsa85um42fnqd3smzq", "fields": {"session_data": ".eJxVjEEOwiAQRe_C2pAOUAZcuvcMZGBAqoYmpV0Z765NutDtf-_9lwi0rTVsPS9hYnEWIE6_W6T0yG0HfKd2m2Wa27pMUe6KPGiX15nz83K4fweVev3WyI68KUhGj9GNxtoBckantMdBW7DJOQORPKP2UACSIlJswHBRCE68P7nMNrw:1vyWjx:WSgTr1u2ZGiskL3ZV-_WVls_wAoiUq_-UbkyEL51bV8", "expire_date": "2026-03-20T15:05:21.914Z"}}, {"model": "gestion.cliente", "pk": 1, "fields": {"nombre_apellido": "Dario Cordoneda", "dni": "32878680", "telefono": "543624605132", "email": "dario_cordoneda@hotmail.com"}}, {"model": "gestion.cliente", "pk": 2, "fields": {"nombre_apellido": "angel", "dni": "30407208", "telefono": "543625217896", "email": "pichuco@gmail.com"}}, {"model": "gestion.cliente", "pk": 3, "fields": {"nombre_apellido": "Julia Rambaudi", "dni": "33122345", "telefono": "543624686481", "email": "juliarambaudi@gmail.com"}}, {"model": "gestion.cliente", "pk": 4, "fields": {"nombre_apellido": "Rodrigo Cordoneda", "dni": "33.524.899", "telefono": "543624605132", "email": "rodrigocordoneda@gmail.com"}}, {"model": "gestion.equipo", "pk": 1, "fields": {"cliente": 1, "tipo": "iphone", "marca_modelo": "apple / X", "identificador": "1245", "password": "1687"}}, {"model": "gestion.equipo", "pk": 2, "fields": {"cliente": 2, "tipo": "iphone", "marca_modelo": "apple / 12", "identificador": "125698", "password": "2394"}}, {"model": "gestion.equipo", "pk": 3, "fields": {"cliente": 1, "tipo": "", "marca_modelo": "iphone 16pro ", "identificador": "1398239289", "password": "0000"}}, {"model": "gestion.equipo", "pk": 4, "fields": {"cliente": 1, "tipo": "", "marca_modelo": "apple / 12 ", "identificador": "1398239289", "password": "0000"}}, {"model": "gestion.equipo", "pk": 5, "fields": {"cliente": 1, "tipo": "", "marca_modelo": "apple / 12 ", "identificador": "1398239289", "password": "0000"}}, {"model": "gestion.equipo", "pk": 6, "fields": {"cliente": 1, "tipo": "", "marca_modelo": "apple / 12 ", "identificador": "1398239289", "password": "0000"}}, {"model": "gestion.equipo", "pk": 7, "fields": {"cliente": 3, "tipo": "", "marca_modelo": "Iphone 16 ProMax", "identificador": "1398239289", "password": "0000"}}, {"model": "gestion.equipo", "pk": 8, "fields": {"cliente": 4, "tipo": "", "marca_modelo": "Macbook Pro M2", "identificador": "1398239289", "password": "0000"}}, {"model": "gestion.equipo", "pk": 9, "fields": {"cliente": 3, "tipo": "", "marca_modelo": "iphone 16pro ", "identificador": "1245", "password": "0000"}}, {"model": "gestion.equipo", "pk": 10, "fields": {"cliente": 1, "tipo": "", "marca_modelo": "apple / 12 ", "identificador": "1245", "password": "0000"}}, {"model": "gestion.equipo", "pk": 11, "fields": {"cliente": 1, "tipo": "", "marca_modelo": "apple / 11", "identificador": "1398239289", "password": "0000"}}, {"model": "gestion.equipo", "pk": 12, "fields": {"cliente": 1, "tipo": "", "marca_modelo": "apple / 12 ", "identificador": "1245", "password": "0000"}}, {"model": "gestion.equipo", "pk": 13, "fields": {"cliente": 1, "tipo": "", "marca_modelo": "iphone 16pro ", "identificador": "1398239289", "password": "0000"}}, {"model": "gestion.equipo", "pk": 14, "fields": {"cliente": 1, "tipo": "", "marca_modelo": "iPhone 12", "identificador": "0000", "password": "1234"}}, {"model": "gestion.equipo", "pk": 15, "fields": {"cliente": 1, "tipo": "", "marca_modelo": "iPhone 15 Pro", "identificador": "0000", "password": "1233"}}, {"model": "gestion.repuesto", "pk": 3, "fields": {"nombre": "Pin de carga IP 13 Pro", "descripcion": "", "cantidad": 8, "stock_minimo": 2, "precio_costo": "50.00", "precio_venta_sugerido": "65.00"}}, {"model": "gestion.repuesto", "pk": 4, "fields": {"nombre": "Bateria IP X", "descripcion": "", "cantidad": 0, "stock_minimo": 2, "precio_costo": "40.00", "precio_venta_sugerido": "60.00"}}, {"model": "gestion.repuesto", "pk": 5, "fields": {"nombre": "Camara frontal IP 11", "descripcion": "", "cantidad": 6, "stock_minimo": 2, "precio_costo": "45.00", "precio_venta_sugerido": "70.00"}}, {"model": "gestion.ficha", "pk": 2, "fields": {"equipo": 2, "tecnico": ["DarioCordoneda"], "estado": "ABD", "falla_cliente": "no funciona pantalla", "obs_recepcion": "bien con carcaza quebrada. no anda la camara", "eliminado": false, "fecha_eliminacion": null, "repuesto_stock": 5, "costo_repuesto": "70.00", "costo_mo": "50.00", "resumen_trabajo": "", "fecha_ingreso": "2026-02-23T18:06:58.191Z"}}, {"model": "gestion.ficha", "pk": 4, "fields": {"equipo": 4, "tecnico": null, "estado": "ENT", "falla_cliente": "pantalla rota", "obs_recepcion": "caracaza quebrada", "eliminado": true, "fecha_eliminacion": "2026-03-09T16:14:15.845Z", "repuesto_stock": null, "costo_repuesto": "0.00", "costo_mo": "150.00", "resumen_trabajo": "", "fecha_ingreso": "2026-02-26T13:54:45.807Z"}}, {"model": "gestion.ficha", "pk": 6, "fields": {"equipo": 6, "tecnico": null, "estado": "LST", "falla_cliente": "xxxxx", "obs_recepcion": "xxxxx", "eliminado": false, "fecha_eliminacion": null, "repuesto_stock": null, "costo_repuesto": "100.00", "costo_mo": "150.00", "resumen_trabajo": "", "fecha_ingreso": "2026-02-26T14:24:00.830Z"}}, {"model": "gestion.ficha", "pk": 8, "fields": {"equipo": 8, "tecnico": null, "estado": "ENT", "falla_cliente": "Limpieza interna y cambio de pasta termica", "obs_recepcion": "no posee detalles", "eliminado": false, "fecha_eliminacion": null, "repuesto_stock": 4, "costo_repuesto": "60.00", "costo_mo": "10.00", "resumen_trabajo": "", "fecha_ingreso": "2026-02-26T14:38:30.960Z"}}, {"model": "gestion.ficha", "pk": 9, "fields": {"equipo": 9, "tecnico": null, "estado": "ENT", "falla_cliente": "xxxxxx", "obs_recepcion": "xxxxx", "eliminado": true, "fecha_eliminacion": "2026-03-09T16:14:56.728Z", "repuesto_stock": null, "costo_repuesto": "100.00", "costo_mo": "100.00", "resumen_trabajo": "se realizo cambio de pantalla ", "fecha_ingreso": "2026-02-26T18:38:06.336Z"}}, {"model": "gestion.ficha", "pk": 10, "fields": {"equipo": 10, "tecnico": null, "estado": "ING", "falla_cliente": "no enciende", "obs_recepcion": "no posee detalles ", "eliminado": false, "fecha_eliminacion": null, "repuesto_stock": null, "costo_repuesto": "0.00", "costo_mo": "0.00", "resumen_trabajo": "", "fecha_ingreso": "2026-03-03T11:33:47.498Z"}}, {"model": "gestion.ficha", "pk": 14, "fields": {"equipo": 14, "tecnico": null, "estado": "ING", "falla_cliente": "No enciende pantalla", "obs_recepcion": "Faltante de tornillos de cierre", "eliminado": true, "fecha_eliminacion": "2026-03-07T21:48:43.331Z", "repuesto_stock": null, "costo_repuesto": "0.00", "costo_mo": "0.00", "resumen_trabajo": "", "fecha_ingreso": "2026-03-06T17:39:32.027Z"}}, {"model": "gestion.ficha", "pk": 15, "fields": {"equipo": 15, "tecnico": null, "estado": "ENT", "falla_cliente": "No encienda ", "obs_recepcion": "No tiene detalles ", "eliminado": false, "fecha_eliminacion": null, "repuesto_stock": 4, "costo_repuesto": "60.00", "costo_mo": "20.00", "resumen_trabajo": "", "fecha_ingreso": "2026-03-06T17:48:59.083Z"}}, {"model": "gestion.fotoficha", "pk": 2, "fields": {"ficha": 2, "imagen": "fotos/2026/02/23/products-94107Top1-2-1-768x512_eGGjLI9.jpg", "descripcion": ""}}, {"model": "gestion.fotoficha", "pk": 4, "fields": {"ficha": 4, "imagen": "fotos/2026/02/26/products-94107Top1-2-1-768x512.jpg", "descripcion": ""}}, {"model": "gestion.fotoficha", "pk": 6, "fields": {"ficha": 6, "imagen": "fotos/2026/02/26/products-94107Top1-2-1-768x512_BgHbsBQ.jpg", "descripcion": ""}}, {"model": "gestion.fotoficha", "pk": 8, "fields": {"ficha": 8, "imagen": "fotos/2026/02/26/products-94107Top1-2-1-768x512_rDR7aeq.jpg", "descripcion": ""}}, {"model": "gestion.fotoficha", "pk": 9, "fields": {"ficha": 9, "imagen": "fotos/2026/02/26/products-94107Top1-2-1-768x512_MWiiXUP.jpg", "descripcion": ""}}, {"model": "gestion.fotoficha", "pk": 10, "fields": {"ficha": 10, "imagen": "fotos/2026/03/03/products-94107Top1-2-1-768x512.jpg", "descripcion": ""}}, {"model": "gestion.fotoficha", "pk": 14, "fields": {"ficha": 14, "imagen": "fotos/2026/03/06/image.jpg", "descripcion": ""}}, {"model": "gestion.fotoficha", "pk": 15, "fields": {"ficha": 14, "imagen": "fotos/2026/03/06/image_FCsH4B7.jpg", "descripcion": ""}}, {"model": "gestion.fotoficha", "pk": 16, "fields": {"ficha": 15, "imagen": "fotos/2026/03/06/image_pEg0Xa4.jpg", "descripcion": ""}}, {"model": "gestion.fotoficha", "pk": 17, "fields": {"ficha": 15, "imagen": "fotos/2026/03/06/image_4RVNvsz.jpg", "descripcion": ""}}, {"model": "gestion.fotoficha", "pk": 18, "fields": {"ficha": 15, "imagen": "fotos/2026/03/06/IMG_8464.jpeg", "descripcion": ""}}, {"model": "admin.logentry", "pk": 1, "fields": {"action_time": "2026-03-05T18:12:10.974Z", "user": ["DarioCordoneda"], "content_type": ["auth", "user"], "object_id": "1", "object_repr": "DarioCordoneda", "action_flag": 2, "change_message": "[{\"changed\": {\"fields\": [\"Username\", \"First name\", \"Last name\"]}}]"}}]
